{"min": [1005.0, -41886.0, 501.0, -0.19989491, 217.6711989, 46.0, 5029.0, 1.0, 0.0, 370.1706081], "max": [499997.0, 1246083.0, 99997.0, 0.399947188, 119350.1604, 299989.0, 399993.0, 49.0, 15.0, 129490.0373]}